Name,LinkedIn Profile,Phone Number
kiran kumar,https://www.linkedin.com/in/kiran-kumar-kuvempu/,8722285588
Parth Trehan,https://www.linkedin.com/in/parth-trehan/,8009998615
Flight Lieutenant AT Kishore,https://www.linkedin.com/in/atkishoreceovidhyasanghatechdotorg/,00919742310003
Ashish Bhat,https://www.linkedin.com/in/bhatashish/,+49 17636532466
Vamsi Krishna Sistla,https://www.linkedin.com/in/vamsi-krishna-sistla-01947713/,+447417554153
Vijaykanickaraj Robert,https://www.linkedin.com/in/vijaykanickaraj-robert-7786909/,+919743248448
Himanshu Bhusan Sandhibigraha,https://www.linkedin.com/in/himanshu-bhusan-sandhibigraha-6208a6151/,9162820401
Rahul Singh,https://www.linkedin.com/in/rahulsingh393/,8320106733
aryan mishra,https://www.linkedin.com/in/aryan-mishra-345866172/,81304 65289
Sarvesh Hinshu,https://www.linkedin.com/in/sarvesh-hinshu-b7690b336/,9099569907
